,,,,,,,,,"['festanstellunggehalt', 'englisch', 'erforderlich', 'deutsch', 'server-virtualisierungstechnologien', 'mikromy med', '00€ pro monatsprache', 'abgeschlossene fachhochschul- bzw', 'netzwerkkomponenten und datenbankenfachkenntnisse', 'bevorzugt per e-mail']"
,,,,,,,,,"['──────────────────────────────deine aufgaben──────────────────────────────du sorgst durch', 'zum beispiel als familienfreundlicher arbeitgeber', 'die bewerberauswahl erfolgt ausschließlich qualifikationsorientiert', 'betriebliche altersvorsorgebetriebliche weiterbildungerfolgsbeteiligungfirmenhandyfirmenwagenflexible arbeitszeitenhomeofficekostenlose getränkesonderzahlung', 'top 27 im tk/it-ranking deutschland', 'top 3 beste work-life-balance deutschland', 'mahr edv ist gründer-inhaber-geführt', 'einer zum smart-office modernisierten villa', '──────────────────────────────diskriminierungsfreiheit──────────────────────────────alle stellenausschreibungen richten sich stets', 'de/downloads/prospekte/mahr-edv-mehr-als-ein-job']"
,,,,,,,,,"['feiertagsarbeitmontag bis freitagüberstundenwochenendarbeitleistungen', 'betriebliche weiterbildungfirmenhandyflexible arbeitszeitenhomeofficehomeoffice', 'london und paris', 'geschichte und politik', 'zeitungen und zeitschriften', 'büchern und ausstellungen', 'wissenschaft und medien', 'online-medien und werbung', 'wenn es um bildrecherche', 'zur verstärkung unseres teams']"
,,,,,,,,,"['windows server >2012', 'routing firewalling', '00€ pro jahrarbeitszeiten', '8-stunden-schichtleistungen', 'ssl- & ipsec-vpn', 'veeam backup & replication', 'netzwerkprotokolle und vpn-standards', 'kenntnisse der themen backup', 'restore und disaster recovery', 'du betreust unsere client rechner']"
,,,,,,,,,"['nein', 'it-systemkaufmann', 'assistent informatik', 'windows7/windows10', 'dazu noch', 'lehre/ausbildung', 'standort berlin mitte verstärkung', 'sehr gute deutschkenntnisselösungsorientiertes handeln', '8-stunden-schichtmontag bis freitagleistungen', 'betriebliche altersvorsorgebetriebliche weiterbildungflexible arbeitszeitenausbildung']"
,,,,,,,,,"['peripherigeräte wie z', 'wir sind ein', 'aber auch handys', 'art der stelle', 'betreut werden sollen arbeitsplatzrechner', 'handy- und peripherie-betreuunginbetriebnahme', '8-stunden-schichtmontag bis freitagleistungen', 'der auch kurzfristig unterstützen kannsystemumfeld', 'aktuell suchen wir einen mitarbeiter', 'probleme behebeninventarisierungdokumentationvpn-anbindung mobiler clientsexcel-auswertungen']"
,,,,,,,,,"['+ modernste technik', '00€ pro jahrarbeitszeiten', '8-stunden-schichtleistungen', 'allen it-fragen', 'art der stelle', 'aufgrund von covid-19', 'unser ziel ist es', 'sondern individuelle systemlösungen anzubieten', 'installation und konfiguration von serverumgebungen', 'betriebliche altersvorsorgebetriebliche weiterbildungfirmenhandyfirmenwagenflexible arbeitszeitenhomeofficekostenlose getränkesonderzahlung']"
,,,,,,,,,"['betriebliche weiterbildunghomeofficekostenlose getränkesprache', 'kundenzentriert und fokussiert', 'wer sind wir', 'ein cloudbasiertes ipad-kassensystem', 'wir wachsen wie verrückt', 'eine ausbildung zum fachinformatiker', 'multiplen projekten zu arbeiten', 'weil wir einfach gut sind', 'schnittstellen- und/oder systemadministrations-fachkenntnisse', 'werde jetzt teil unseres teams']"
,,,,,,,,,"['windows‐based server technologies', 'international high‐tech environment', 'dynamic working environment ‐ willingness', 'configure cloud‐based production', 'highly professional design engineers', 'asian based contract manufacturers', 'next generation data centers', 'virtual machines  required profile', 'offer monolithically integrated semiconductor chips', 'silicon photonics‐based interconnect solutions']"
,,,,,,,,,"['ongoing user support / management', 'mentoring und feedback unterstützt', 'unsere werte leben wir', 'european road-freight traffic', 'driver seat übernimm verantwortung', 'wachse über dich hinaus', 'jeder interaktion mit kunden', 'einfach wie online-shopping', 'mit nur einem klick und', 'als führende online-spedition für straßentransporte']"
,,,,,,,,,"['provided stay healthy', 'urban sports club', 'eye-opening books', 'core hours let', 'also improve support processes', 'second level support requests', 'asset management system finally', 'already gained first experiences', 'get one extra day', 'everything runs smoothly making']"
,,,,,,,,,"['temporär', 'deine aufgaben', 'windows server', 'avaya etc', 'deine benefits', '00€ pro jahrarbeitszeiten', '8-stunden-schichtkeine wochenendenleistungen', 'aufgrund von covid-19', 'ad und ms exchange', 'zusammenarbeit mit durstexpressart der stelle']"
,,,,,,,,,"['amazing products make sure', 'document best practices also', 'software strong communication skills', 'b2b customers across europe', 'it-related faults quickly', 'making sure people feel heard', 'vacation entitlement social events ranging', 'servicing several million tv users', 'open door policy competitive compensation', 'tv-as-a-service market zattoo']"
,,,,,,,,,"['desirable  excellent oral', 'support  keep logs', 'help desk procedures', 'open queries  continuously keep', 'responsibilities   providing technical support', 'queries  ensure proper recording', 'closure  follow company procedures', 'job description alexion talent', 'written communication skills  competence', 'help desk support required  degree']"
,,,,,,,,,"['insbesondere hyper-v', 'kompetenz und servicequalität', 'firewalls und vpn', 'insbesondere ms office', 'innovativer verbund von vw-', 'audi- und seat-autohäusern', 'erfahrung von office-produkten', 'lara malecha brunsbütteler damm 40-50', 'autohaus berolina gmbh ansprechpartnerin', 'wir sind die berolina gruppe']"
,,,,,,,,,"['ongoing user support / management', 'mentoring und feedback unterstützt', 'unsere werte leben wir', 'european road-freight traffic', 'driver seat übernimm verantwortung', 'wachse über dich hinaus', 'jeder interaktion mit kunden', 'einfach wie online-shopping', 'mit nur einem klick und', 'als führende online-spedition für straßentransporte']"
,,,,,,,,,"['temporär', 'deine aufgaben', 'windows server', 'avaya etc', 'deine benefits', '00€ pro jahrarbeitszeiten', '8-stunden-schichtkeine wochenendenleistungen', 'aufgrund von covid-19', 'ad und ms exchange', 'zusammenarbeit mit durstexpressart der stelle']"
,,,,,,,,,"['amazing products make sure', 'document best practices also', 'software strong communication skills', 'b2b customers across europe', 'it-related faults quickly', 'making sure people feel heard', 'vacation entitlement social events ranging', 'servicing several million tv users', 'open door policy competitive compensation', 'tv-as-a-service market zattoo']"
,,,,,,,,,"['desirable  excellent oral', 'support  keep logs', 'help desk procedures', 'open queries  continuously keep', 'responsibilities   providing technical support', 'queries  ensure proper recording', 'closure  follow company procedures', 'job description alexion talent', 'written communication skills  competence', 'help desk support required  degree']"
,,,,,,,,,"['insbesondere hyper-v', 'kompetenz und servicequalität', 'firewalls und vpn', 'insbesondere ms office', 'innovativer verbund von vw-', 'audi- und seat-autohäusern', 'erfahrung von office-produkten', 'lara malecha brunsbütteler damm 40-50', 'autohaus berolina gmbh ansprechpartnerin', 'wir sind die berolina gruppe']"
,,,,,,,,,"['der administration', 'application manager', 'bis zu 5', '00€ pro monatarbeitszeiten', 'schnell wachsendes familienunternehmen', 'einer skript- bzw', 'keine wochenendenmontag bis freitagleistungen', 'dich erwartet ein modernes', 'mittlere reife oder gleichwertig', '30 tage urlaub pro jahrweiterbildungsmöglichkeitenmitarbeiterparkplatzvwl-zuschuss']"
,,,,,,,,,"['nein', 'wir bieten', 'client- und serversysteme', 'dozenten und mitarbeiterfähigkeiten', 'betriebliche weiterbildungkostenlose getränkesonderzahlung', 'für unser schulungshaus', 'einrichtung der schulungssystemesupport für schulungsteilnehmer', 'sehr angenehme arbeitsatmosphäreabstimmung der arbeitszeiten', 'administration von hauptsächlich windows umgebungen', '8-stunden-schichtkeine wochenendenmontag bis freitagleistungen']"
,,,,,,,,,"['vergünstigter mittagstisch und massageangebot', 'bearbeitest und delegierst servicetickets', 'und pflegst die kundendokumentation', 'standard office-applikationen und dienste', 'darüber hinaus bedingt die individuelle', 'erbringst administrative aufgaben im netzwerk', 'konfiguration und troubleshooting im clientbereich', 'der it-landschaft unserer kunden durch', 'erstellung von angeboten für it-projekte', 'per e-mail oder ticketsystem entgegen']"
,,,,,,,,,"['das sind unsere mitarbeiter', 'systemadministration / local area network', 'message dbtrouble ticket systeme', 'du hast noch fragen', 'print- und terminal-server', 'web-anwendungen und -portale', 'office 365user- und client-administration', 'spannende und anspruchsvolle aufgabenfeldereigenverantwortliche tätigkeit', 'vergleichbare berufserfahrungberufserfahrung im it-support wünschenswertkenntnisse', 'e-mail und web-entryüberwachung von tickets']"
,,,,,,,,,"['disaster recovery protocols', 'implement appropriate processes', 'networking protocols strong knowledge', 'system administration experience experience', 'worldwide successful fashion label', 'equivalent experience required 3-5 years', 'delegate regular backup operations', 'lawyers become super user', 'integrate automation processes troubleshoot hardware', 'entrepreneur leyla piedayesh consequently led']"
,,,,,,,,,"['maintain system administration procedures', 'full gear going forward', 'e-commerce platform market', 'product teams manage budget', 'fortune global 500 companies across', 'automating tedious repetitive tasks', 'align efforts across teams', 'repetitive tasks take responsibility', 'private equity firm insight partners', 'programming/scripting language mac/linux experience would']"
,,,,,,,,,"['great communication skills', 'written communication skills* able', 'qualifications* strong problem solving', '* build customer relationships-earn', 'handle multiple tasks* flexible', 'clientour client powers one', 'quality focused* excellent oral', 'think analytically* excellent customer service', 'telephone skills* well organized* able', 'berlin recruitment agencyalt-moabit 96b10559 berlinvisit']"
,,,,,,,,,"['unser team ist', 'motivation und selbstständigkeit', 'unser ziel ist es', 'machen uns besonders stolz', 'wir bieten unseren fachinformatikern', '/ ab sofortüber das unternehmen', 'das engagement und der spaß', 'flache hierarchien und kurze entscheidungswege', 'sexueller orientierung und jeden geschlechts', 'ein attraktives gehaltein vertrauensvolles miteinander']"
,,,,,,,,,"['die benefits', 'der zentrale', 'vermögenswirksame leistungen usw', '8-stunden-schichtkeine wochenendenleistungen', 'hauptschulabschluss oder gleichwertig', 'aufgrund von covid-19', 'die möglichkeit zur individuellen', 'voipfundierte kenntnisse der aktuellen hardwarefreude', 'abwechslungsreiche und anspruchsvolle aufgabeein unbefristeter', 'fortgeschrittene kenntnisse im bereich firewall']"
,,,,,,,,,"['soft break fix services', 'friday 8am-5pmesp offers', 'desktop devices using appropriate tools', 'itil service management framework·ability', 'customer site portfolio·provide standard', 'pressure·excellent customer service skills', 'customers infrastructure estate·deliver hard', '·provide technical subject matter expertise', 'undertake small changes/config changes', 'working onsite providing desktop support·able']"
,,,,,,,,,"['vergünstigter mittagstisch und massageangebot', 'bearbeitest und delegierst servicetickets', 'und pflegst die kundendokumentation', 'standard office-applikationen und dienste', 'darüber hinaus bedingt die individuelle', 'erbringst administrative aufgaben im netzwerk', 'konfiguration und troubleshooting im clientbereich', 'der it-landschaft unserer kunden durch', 'erstellung von angeboten für it-projekte', 'per e-mail oder ticketsystem entgegen']"
,,,,,,,,,"['unser team ist', 'motivation und selbstständigkeit', 'unser ziel ist es', 'machen uns besonders stolz', 'wir bieten unseren fachinformatikern', '/ ab sofortüber das unternehmen', 'das engagement und der spaß', 'flache hierarchien und kurze entscheidungswege', 'sexueller orientierung und jeden geschlechts', 'ein attraktives gehaltein vertrauensvolles miteinander']"
,,,,,,,,,"['das sind unsere mitarbeiter', 'systemadministration / local area network', 'message dbtrouble ticket systeme', 'du hast noch fragen', 'print- und terminal-server', 'web-anwendungen und -portale', 'office 365user- und client-administration', 'spannende und anspruchsvolle aufgabenfeldereigenverantwortliche tätigkeit', 'vergleichbare berufserfahrungberufserfahrung im it-support wünschenswertkenntnisse', 'e-mail und web-entryüberwachung von tickets']"
,,,,,,,,,"['support bist du', 'nutze deine karrierechance als', 'security software-herstellerdeine aufgaben', 'einen grund morgens aufzustehen', 'erfolgreichen und ehrgeizigen team', 'bio-obst und getränke', 'team- und firmen-events usw', 'wir sind it-security-spezialisten', 'idealerweise hast du bereits erfahrung', 'du besitzt ein gutes linux-knowhow']"
,,,,,,,,,"['ensure configuration management', 'dynamic work environment', 'confluence preferred identity services', 'manage multiple tasks simultaneously', 'software installation management tools', 'monthly all-hands meetings', 'continuous service improvements work', 'etc vm environment set-', 'deploy/maintain hardware installation', 'network security gsuite administration scripting']"
,,,,,,,,,"['dienstleistungsorientiert und teamfähigsystematische', 'art der stelle', 'montag bis freitagleistungen', 'flexible arbeitszeitenkostenlose getränkeberufserfahrung', 'aufgrund von covid-19', 'bei ihren immobilientransaktionen', 'ihre aufgaben bei uns', 'zur unterstützung unseres teams', 'umschulung im bereich itmehrjährige berufserfahrung', 'abgeschlossene ausbildung zum it-systemkaufmann/-kauffrau']"
,,,,,,,,,"['berlin', '/ informatik / telekommunikationstechnik', 'microsoft sql server', 'qualifikationen  abschluss im bereich', 'voll- oder teilzeit zu besetzen']"
,,,,,,,,,"['lotus notes', 'it-hardware', 'active directory', 'und das', 'hardware und netzwerk', 'verstärke unser team', 'liebsten mit dir', 'den bereichen active directory', 'du hast noch fragen', 'berlin-adlershof  das bieten wir dir']"
,,,,,,,,,"['ihre aufgaben ·', 'unseren bereichen bonbonmanufaktur', 'ihrer beruflichen integration', 'und engagieren sich', 'hardware und softwaresupport', 'einer pdf-datei', '30 pro wochevoraussichtliches einstiegsdatum', '2020art der stelle', 'sie führen ihre tätigkeiten', 'zusammenarbeit mit beeinträchtigten menschen durch']"
,,,,,,,,,"['administation', '1 jahr', 'bevorzugt', 'homeoffice', 'ja', '00€ pro jahrarbeitszeiten', '8-stunden-schichtleistungen', 'it-kenntnisse', 'sehr gute kenntnisse', 'den it-security-richtlinien und -standards']"
,,,,,,,,,"['aufgrund von covid-19', 'möglichst zum jahres\xadbeginn 2021', 'einer pdf bis zum 30', 'unsere schwerpunkte sind öffentlichkeitsarbeit', 'suchen wir einenit-support', 'teamfähigkeit und eine strukturierte', 'neue it-systeme einzuarbeitendienstleistungsorientierung', 'gute bandbreite von it-kenntnissen', 'einer aufbauphase mit der perspektive', 'selbstständige und gewissenhafte arbeitsweisewir bieten']"
,,,,,,,,,"['sie helfen mit', 'sie analysieren it-probleme', 'top eine jährliche sonderzahlung', 'auch bildungsurlaub ist möglich', 'ihr büro liegt tür', 'alter oder einer behinderung', 'der tür mit der verwaltung', 'die prozesse vor ort integriert', 'it-projekte des standortes einbezogen', 'benefits   zu einer leistungsgerechten vergütung']"
,,,,,,,,,"['linux experience would', 'develop products shaping', 'highly motivated people', 'equal opportunities employer', 'pioneering spirit starts', 'receive equal consideration', 'native instruments embraces diversity', 'mobile device troubleshooting methodologies', 'bringing unique ideas together', 'support via helpdesk ticket system']"
,,,,,,,,,"['000 euro/jahr vielfältige aufstiegsmöglichkeiten', 'mentor / teamleiter oder spezialist', 'im innendienst nach vereinbarung', 'bester managed service provider', 'über uns als arbeitgeber', 'zum beispiel als familienfreundlicher arbeitgeber', 'deine aufgaben  du sorgst durch', 'sehr hoher lernwille positive grundeinstellung', 'einer zum smart-office modernisierten villa', 'mahr edv ist gründer-inhaber-geführt']"
,,,,,,,,,"['eine ausbildung als fachinformatiker*', 'oder eine vergleichbare qualifikation', 'wir bieten  eine vergütung', 'alter oder einer behinderung', 'zu einer leistungsgerechten vergütung', 'auch bildungsurlaub ist möglich', 'die bandbreite der aufgaben', 'die ihnen durch die arbeitsvertragsrichtlinien', 'voraussetzungen  sie haben informatik studium', 'der mittagspause im nahegelegenen monbijoupark']"
,,,,,,,,,"['mehr als vierzig ländern', 'zahlreichen ausbildungsberufen und studiengängen weiter', 'fachinformatiker und baue mit uns', 'teaser  wir glauben fest daran', 'dann bewirb dich gleich jetzt', 'der digitalen welt zu hause', 'langweilig wird das sicher nie', 'um den lesefluss zu erleichtern', 'ein wesentlicher teil unserer unternehmenskultur', 'gemeinsam haben wir ein ziel']"
,,,,,,,,,"['internationalen unternehmen spannende projekte', 'wir sind ein weltweiter', 'wir erbringen it-services', 'ob auf einer bohrinsel', 'benefits einen sicheren arbeitsplatz', 'sondern auch sinn stiftet', 'du bist der/die ansprechpartner/-', 'service für die it-branche', 'tasks hemmersbach ist eines der', 'die du gerne täglich anwendest']"
,,,,,,,,,"['patched manage disaster recoveries', 'international environment free drinks', 'earliest possible start date', 'multi-territory music market', 'predicted within slas working', 'relevant operational areas plan', 'regular basis bvg ticket', 'linux systems administrator highly skilled', 'ms windows directory service experienced', 'comprehensive technical knowledge within server']"
,,,,,,,,,"['lotus notes', 'it-hardware', 'active directory', 'und das', 'hardware und netzwerk', 'verstärke unser team', 'liebsten mit dir', 'den bereichen active directory', 'du hast noch fragen', 'berlin-adlershof  das bieten wir dir']"
,,,,,,,,,"['voll- oder teilzeit', 'oder it-systemelektroniker', 'profundes it-fachwissen', 'nachweise aller aus-', 'vollständige arbeitgeberzeugnisse etc', 'montag bis freitagleistungen', 'fort- und weiterbildungen', 'die ein hohes maß', 'vollständiger und lückenloser lebenslauf', 'psychosomatik und psychotherapie im akutbereich']"
,,,,,,,,,"['democratizing testing solutions', 'problem-solving skills', 'apply analytical skills', 'decision-making skills', 'individual employment relationship', 'good project management skills', 'part-time position based', 'application including cover letter', 'work-life bal-  ance opportunity', 'international team friendly working atmosphere']"
,,,,,,,,,"['berlin ab sofort gesucht', 'außerdem sorgst du dafür', 'du managst unsere clientsysteme', 'außerdem bist du fit', '1st & 2nd level support', 'für dich mehr fürsorge', 'freiraum & flexibilität modernes arbeitsumfeld', 'begegnungsflächen und kreativräume wertschätzende teamkultur', 'wir stehen rede und antwort', 'der inhouse akademy kadecare paket']"
,,,,,,,,,"['wird von dir erwarten', 'microsoft-infrastrukturen grundlegende netzwerkkenntnisse', 'erwartet dich bei uns', 'der game industrie hast', '1st und 2nd-level-support', 'du hast eine leidenschaft dafür', 'oder einer ähnlichen ausbildung berufspraxis', 'darunter die far cry-serie', 'als co-entwickler arbeiten die teams', 'angefangen mit der far cry-serie']"
,,,,,,,,,"['berlin', '/ informatik / telekommunikationstechnik', 'microsoft sql server', 'qualifikationen  angestrebter abschluss im bereich']"
,,,,,,,,,"['people experience team hr', 'internal network structure secure', 'description  clue helps everyone', 'possible  requirements  strong background', 'advance female health research', 'all-employee option pool', 'vc-backed startup based', 'approach excellent communication skills', 'engineering manage employee user accounts', 'free on-site therapist work']"
,,,,,,,,,"['das sind unsere mitarbeiter', 'systemadministration / local area network', 'message dbtrouble ticket systeme', 'du hast noch fragen', 'print- und terminal-server', 'web-anwendungen und -portale', 'office 365user- und client-administration', 'spannende und anspruchsvolle aufgabenfeldereigenverantwortliche tätigkeit', 'vergleichbare berufserfahrungberufserfahrung im it-support wünschenswertkenntnisse', 'e-mail und web-entryüberwachung von tickets']"
,,,,,,,,,"['der oswaldstraße 5a 13053 berlin', 'den markt zu bringen', 'keine wochenendenmontag bis freitagleistungen', 'abstimmung mit support-team', 'flachen hierarchiensehr gutes betriebsklima', 'regelmäßige mitarbeiterevents und firmenreisen', '1st- und 2nd- level-support', 'gutes prozessverständnis sowie analytische fähigkeiteneigeninitiative', 'prokommunal ist ein mittelständisches unternehmen', 'gratis-getränkeunbefristeter arbeitsvertragsonderzahlungenmöglichkeit zum homeofficeselbständiges arbeiten']"
,,,,,,,,,"['wir bieten', 'unsere kernkompetenz liegt', 'hard- und software', 'sie haben erfahrungen', 'sie sind zuverlässig', 'sie verantworten die inventarisierung', 'wir bieten individuelle entfaltungsmöglichkeiten', 'sie sind ansprechpartner für ca', 'haben wir ihr interesse geweckt', 'zur weiteren verstärkung unserer it-abteilung']"
,,,,,,,,,"['mac os laptop clients', 'perform regular security audits', 'user accounts per request', 'short decision-making processes', 'supports great work-life balance', 'handle new problems every day', 'demonstrate strong problem-solving skills', 'leading performance-oriented travel brands', 'cutting-edge machine learning practices', 'leading data-driven travel advertising platform']"
,,,,,,,,,"['ein hohes maß', 'eine strukturierte arbeitsweise', 'gerne zur verfügung', 'erarbeiten von lösungen', 'bereitstellung und pflege von namensräumen', 'bereitstellung und pflege der replikationen', 'teamfähigkeit und sie fühlen sich', 'einen führerschein der klasse b', 'wir freuen uns auf sie', 'vertraulichkeit sichern wir selbstverständlich zu']"
,,,,,,,,,"['support working student/ werkstudent', 'new brand friendsurance business', 'earliest possible start date', 'new dream job soon', 'peer-to-peer insurance', 'teams maintain appropriate levels', 'per access management policy', 'encourage security best practices awareness', 'addition several ubuntu linux installations', 'truly service oriented towards making']"
,,,,,,,,,"['das sind unsere mitarbeiter', 'systemadministration / local area network', 'message dbtrouble ticket systeme', 'du hast noch fragen', 'print- und terminal-server', 'web-anwendungen und -portale', 'office 365user- und client-administration', 'spannende und anspruchsvolle aufgabenfeldereigenverantwortliche tätigkeit', 'vergleichbare berufserfahrungberufserfahrung im it-support wünschenswertkenntnisse', 'e-mail und web-entryüberwachung von tickets']"
,,,,,,,,,"['der oswaldstraße 5a 13053 berlin', 'den markt zu bringen', 'keine wochenendenmontag bis freitagleistungen', 'abstimmung mit support-team', 'flachen hierarchiensehr gutes betriebsklima', 'regelmäßige mitarbeiterevents und firmenreisen', '1st- und 2nd- level-support', 'gutes prozessverständnis sowie analytische fähigkeiteneigeninitiative', 'prokommunal ist ein mittelständisches unternehmen', 'gratis-getränkeunbefristeter arbeitsvertragsonderzahlungenmöglichkeit zum homeofficeselbständiges arbeiten']"
,,,,,,,,,"['netzwerktechnologien wie nac', 'nicht nur lokal', 'unserem hausinternen schulungszentrum', 'der schnellste weg', 'sich zu bewerben', 'pflege & betreuung sowie medienhandel', 'den bereichen facility management', 'haben wir sie überzeugt', 'sie können den auswahlprozess beschleunigen', 'unser team ist die onlinebewerbung']"
,,,,,,,,,"['prüfungs- und beschäftigungszeugnisse', 'im falle gleicher eignung', 'die die einstellungsvoraussetzungen erfüllen', '2020 über unser online-bewerbungssystem', 'z7-p1474-5-22/20-e dienstsitze', 'von seiten des itzbund angestrebt', 'bewerbungen von menschen mit migrationshintergrund', 'alternativ verfügen sie über nachgewiesene', 'soweit die voraussetzungen hierfür vorliegen', 'administration und konfiguration von client-betriebssystemen']"
,,,,,,,,,"['abteilung und suchen einen', 'vpn- und directaccess-dienste', 'datenbank-serverfirewallbackup- und archivierung', 'unser ziel ist es', 'wartung der einzelnen applikationen', 'human relationsart der stelle', '30-40 pro wocheart der stelle', 'systemadministrator verantwortest du die bereitstellung', 'administrator oder systemadministrator oder im', 'active directoryinterne und externe dns-serverweb-server']"
,,,,,,,,,"['unsere 1', 'düsseldorf etc', 'luther-karriere', 'kommen sie', 'und sie wissen', 'ohne sich zu verbiegen', 'unsere weiteren standorte wie hamburg', 'deutschland und zehn internationalen büros', 'ms office und active directory', 'einem 24-köpfigen team ein it-team']"
,,,,,,,,,"['dedicated onboarding process', 'non-life insurance products', 'modular insurance platform enables', 'end user support assisting', 'excellent team player experience', 'issues supporting company-wide', 'company-wide networking events', 'maximum 10 hours per week', 'bonus business level fluency', 'in-house underwritten insurance products']"
,,,,,,,,,"['bewerbung@net-haus', 'net-haus gmbh', 'der windows systemadministration', 'unternehmen aus der wohnungswirtschaft-', 'ab windows 2008 und aufwärts', 'exchange server und clients', 'sende uns deinen lebenslauf', 'eigeninitiative und flexibilität eine strukturierte', 'gehaltsvorstellung  und den frühesten eintrittstermin', 'die  wachsenden anforderungen angepasst wird']"
,,,,,,,,,"['weitere aufgabengebiete einbenefits', 'dir angepasstes onboardingdu', 'art der stelle', 'aufgrund von covid-19', 'ds gmbh ist ein', 'servicedienstleiter im b2b bereich', 'betriebliche altersvorsorgebetriebliche weiterbildunghomeofficekostenlose getränkehomeoffice', 'strukturierter und selbständiger arbeitsstilorganisationstalent', 'gehaltsvorstellung und möglichem eintrittstermin', 'kommunikativ und teamfähigfundierte office kenntnisseaufgaben']"
,,,,,,,,,"['deep-dive sessions', 'product troubleshooting software issues', 'offering first level support', 'provide cyber security services', 'mac operating systems experience', 'delivering cyber threat intelligence', 'resolve bottlenecks deep understanding', 'knowledge base staying ahead', 'tools generating new innovative ideas', 'dark web good database knowledge']"
,,,,,,,,,"['betriebliche altersvorsorgebetriebliche weiterbildungfirmenhandyflexible arbeitszeitenhomeofficesonderzahlung', 'vpn verbindungen und druckersystemen', '- netzwerke und firewallssie sind', 'einem ginn hotel berlin teltow', 'ravensburg und zahlreichen weiteren projekten', 'leistungsgerechte bezahlungurlaubsgeld und fahrtkostenzuschussattraktive prämien', 'einrichtung und wartung von netzwerken', 'strukturierte arbeitsweise und ausgeprägte kommunikationsfähigkeitoffenes', 'oder ähnliche qualifikation im it-bereich', 'abgeschlossene berufsausbildung zum fachinformatiker systemintegration/it-systemelektroniker']"
,,,,,,,,,"['erforderlich', 'homeoffice', 'nein', 'berlin / hannoveraufgabe', '00€ pro jahrberufserfahrung', 'direktvermittlung oder freiberuflicheinsatzdauer', '2nd level-support', 'betreiberabnahme neuer software-versionen', 'it-architektur und konzepte', 'betrieb von it-systemen für telekommunikationsnetzen']"
,,,,,,,,,"['unser gründer', 'sieben standorten', 'ab november', 'junge kollegen', 'martina cheikh', 'einem neuen ladenkonzept', 'eine tolle arbeitsatmosphäre', 'deshalb begann er 1973 damit', 'trüffel nach deutschland zu importieren', 'mit vereinten kräften setzen sie']"
,,,,,,,,,"['deshalb zählen wir', 'hard- und software', 'und it-affinität', 'entwicklungs- und feedbackgespräche', 'allen it-anwendungsrelevanten fragen', 'wir bieten ihnen anregende', 'gerne auch quereinsteiger faszination', 'jetzt bewerben ihr ansprechpartner', 'bearbeitung von anfragen und störungsmeldungen', 'klassifizierung und dokumentation der störungen']"
,,,,,,,,,"['das klingt nach dir', 'vielseitig wie unsere filmauswahl', 'weshalb du nicht aufgibst', 'zu betreuen und auszubauen', 'dann bewirb dich jetzt', 'dich erwartet ein großartiges team', 'ist ein erfahrener it-systemadministrator', 'deutschland und der schweiz heraus', 'berlin auch operativ und strategisch', 'gut im priorisieren und serviceorientiert']"
,,,,,,,,,"['betriebliche altersvorsorgebetriebliche weiterbildungfirmenhandyflexible arbeitszeitenhomeofficesonderzahlung', 'vpn verbindungen und druckersystemen', '- netzwerke und firewallssie sind', 'einem ginn hotel berlin teltow', 'ravensburg und zahlreichen weiteren projekten', 'leistungsgerechte bezahlungurlaubsgeld und fahrtkostenzuschussattraktive prämien', 'einrichtung und wartung von netzwerken', 'strukturierte arbeitsweise und ausgeprägte kommunikationsfähigkeitoffenes', 'oder ähnliche qualifikation im it-bereich', 'abgeschlossene berufsausbildung zum fachinformatiker systemintegration/it-systemelektroniker']"
,,,,,,,,,"['/w/', 'teilzeit', 'gerne auch', 'trotz covid-19', 'wir arbeiten 100% remote', 'unterstütze unser internal', 'unser recruiting läuft digital', 'du wirst virtuell ongeboardet', 'du bist unsere nummer eins', 'service team als it-systemkaufmann/-frau']"
,,,,,,,,,"['der spree regelmäßige', '300 wohn- und gewerbeeinheiten', 'inhabergeführtes unternehmen haben wir', 'wir pflegen eine familiäre', 'vermieten und entwickeln über 8', 'unser ziel ist es', 'für die unternehmensgruppe annahme', 'den bereichen microsoft office', 'individuelle weiterbildungsangebote kostenloses mineralwasser', 'zur verstärkung unseres dynamisch-wachsenden teams']"
,,,,,,,,,"['die benötigt wird', 'du findest dich', 'der benutzerbetreuung von sap', 'sind ein berliner unternehmen', 'firmenhandyflexible arbeitszeitenhomeofficekostenlose getränkezusätzliche urlaubstageberufserfahrung', 'berlin und ein attraktives gesamtpaket', 'deswegen suchen wir genau dich', 'unser kerngeschäft ist die verwaltung', 'diese aufgaben warten auf dich', 'unserem firmeninternen business-englischkurs teilzunehmen']"
,,,,,,,,,['ihrer bewerbung ihr bevorzugtes interessengebiet']
,,,,,,,,,"['team provide vip support', '25 massively multiplayer online games', 'senior management requirements experience', 'aeria games gmbh etc', 'customer-oriented work approach', 'windows group policies experience', 'support documentation efforts across', 'cloud-based collaboration suites', 'operates within two markets', 'support administrators provide technical expertise']"
,,,,,,,,,"['underlying system mechanisms', 'system management functionality', 'core storage features', 'full-stack storage system', 'infrastructure stack covers automation', 'linux independent problem analysis', 'easy-to-use features', 'data center file system', 'system contains comprehensive data', 'network concepts additional skills linux']"
,,,,,,,,,"['unser kerngeschäft ist die digitalisierung', 'bei uns bist du mittendrin', 'klingt nach einer guten mischung', 'wichtiger sind uns folgende punkte', 'du verfügst über gute deutschkenntnisse', 'zum beispiel eine offene arbeitsatmosphäre', 'dass dieses thema noch weiter', 'dann wachse gemeinsam mit uns', 'management von it-clients und servern', 'dann wende dich per e-mail']"
,,,,,,,,,"['offer inbound technical support', 'also many delicious lunch', 'good english conversational skills', 'feel comfortable answering questions', 'travel via public transport', 'in-house german teacher', 'provide inbound call support', 'french speaking customer support representatives', 'offer support via e-mail', 'deliver loyalty-building customer service']"
,,,,,,,,,"['intune', 'mdm', 'bereich', 'bg kliniken', 'vollzeit zum nächstmöglichen zeitpunkt', 'systeme der holding störungsannahme', 'clients und mobile devices', 'kenntnisse im bereich netzwerkinfrastrukturen sowie', 'oder vergleichbare qualifikation mehrjährige berufserfahrung', 'standort sowie für remote-user installation']"
,,,,,,,,,"['support process improvementssoftware', '2nd line support', 'support experiencetechnical knowledge', 'ms intune experience', 'com darwin recruitment', 'technical issuesproactive identification', 'providing technical expertise', 'support processesprovide technical expertise', 'macs administering new users set', 'location related requestsprovide responsive advice']"
,,,,,,,,,"['linux server administration skills', 'linux workstation administration skills', 'server/cloud admin role', 'maintain cloud based infrastructuredeploying', 'user-friendly communication approach', 'aws lambdaensure server health', 'open-source big data gurus', 'scalable network systems using technology', 'vendorsautomating tasks using aws sdk', 'additional leavecompany classesflexible schedulefree drinkswork']"
,,,,,,,,,"['detailreiche präzision', 'system administrator', 'dein aufgabengebiet', 'zur verstärkung unseres teams', 'verantwortlich für die wartung', 'microsoft dynamics unser anforderungsprofil', 'associate oder bachelor-abschluss', 'einschließlich expertenwissen über sicherheits-', 'progressive schnitte und hochwertige materialien', 'datenschutz- und notfallwiederherstellungsprotokolle   wir bieten']"
,,,,,,,,,"['linux ubuntu server', 'strong communication skills', 'international working environment', 'microsoft windows 10 experience', 'microsoft office applications', 'microsoft windows server 2016/2019', 'data analysis software development', 'second level support administration', 'microsoft windows operating systems', 'systems data analytics  additionally']"
